date_time,b_code,usage,peak
201601010000 ,SGBD,237.06,948.24
201601010015 ,SGBD,236.88,947.52
201601010030 ,SGBD,236.88,947.52
201601010045 ,SGBD,234.9,939.6
201601010100 ,SGBD,234.54,938.16
201601010115 ,SGBD,234.18,936.72
201601010130 ,SGBD,230.94,923.76
201601010145 ,SGBD,228.6,914.4
201601010200 ,SGBD,230.04,920.16
201601010215 ,SGBD,235.08,940.32
201601010230 ,SGBD,235.62,942.48
201601010245 ,SGBD,235.62,942.48
201601010300 ,SGBD,227.34,909.36
201601010315 ,SGBD,228.24,912.96
201601010330 ,SGBD,229.14,916.56
201601010345 ,SGBD,228.78,915.12
201601010400 ,SGBD,230.22,920.88
201601010415 ,SGBD,228.96,915.84
201601010430 ,SGBD,232.2,928.8
201601010445 ,SGBD,228.6,914.4
201601010500 ,SGBD,229.68,918.72
201601010515 ,SGBD,232.2,928.8
201601010530 ,SGBD,230.76,923.04
201601010545 ,SGBD,229.14,916.56
201601010600 ,SGBD,234,936
201601010615 ,SGBD,236.7,946.8
201601010630 ,SGBD,237.42,949.68
201601010645 ,SGBD,237.6,950.4
201601010700 ,SGBD,239.94,959.76
201601010715 ,SGBD,240.3,961.2
201601010730 ,SGBD,237.96,951.84
201601010745 ,SGBD,239.4,957.6
201601010800 ,SGBD,238.5,954
201601010815 ,SGBD,237.06,948.24
201601010830 ,SGBD,237.06,948.24
201601010845 ,SGBD,243.54,974.16
201601010900 ,SGBD,243.9,975.6
201601010915 ,SGBD,239.94,959.76
201601010930 ,SGBD,240.3,961.2
201601010945 ,SGBD,244.08,976.32
201601011000 ,SGBD,242.28,969.12
201601011015 ,SGBD,243,972
201601011030 ,SGBD,242.1,968.4
201601011045 ,SGBD,246.78,987.12
201601011100 ,SGBD,240.12,960.48
201601011115 ,SGBD,244.62,978.48
201601011130 ,SGBD,246.06,984.24
201601011145 ,SGBD,249.66,998.64
201601011200 ,SGBD,244.98,979.92
201601011215 ,SGBD,246.24,984.96
201601011230 ,SGBD,239.04,956.16
201601011245 ,SGBD,241.2,964.8
201601011300 ,SGBD,246.96,987.84
201601011315 ,SGBD,240.84,963.36
201601011330 ,SGBD,243.36,973.44
201601011345 ,SGBD,242.46,969.84
201601011400 ,SGBD,240.12,960.48
201601011415 ,SGBD,246.06,984.24
201601011430 ,SGBD,244.62,978.48
201601011445 ,SGBD,244.08,976.32
201601011500 ,SGBD,243.72,974.88
201601011515 ,SGBD,243,972
201601011530 ,SGBD,244.8,979.2
201601011545 ,SGBD,243.18,972.72
201601011600 ,SGBD,239.76,959.04
201601011615 ,SGBD,240.66,962.64
201601011630 ,SGBD,242.28,969.12
201601011645 ,SGBD,239.04,956.16
201601011700 ,SGBD,243.72,974.88
201601011715 ,SGBD,248.76,995.04
201601011730 ,SGBD,247.86,991.44
201601011745 ,SGBD,247.86,991.44
201601011800 ,SGBD,248.22,992.88
201601011815 ,SGBD,245.34,981.36
201601011830 ,SGBD,245.16,980.64
201601011845 ,SGBD,244.8,979.2
201601011900 ,SGBD,242.1,968.4
201601011915 ,SGBD,243.72,974.88
201601011930 ,SGBD,244.62,978.48
201601011945 ,SGBD,241.2,964.8
201601012000 ,SGBD,246.6,986.4
201601012015 ,SGBD,248.4,993.6
201601012030 ,SGBD,241.38,965.52
201601012045 ,SGBD,240.48,961.92
201601012100 ,SGBD,233.1,932.4
201601012115 ,SGBD,234,936
201601012130 ,SGBD,234.18,936.72
201601012145 ,SGBD,232.74,930.96
201601012200 ,SGBD,233.64,934.56
201601012215 ,SGBD,234.18,936.72
201601012230 ,SGBD,233.46,933.84
201601012245 ,SGBD,238.68,954.72
201601012300 ,SGBD,240.66,962.64
201601012315 ,SGBD,238.14,952.56
201601012330 ,SGBD,240.66,962.64
201601012345 ,SGBD,240.66,962.64
201601020000 ,SGBD,237.24,948.96
201601020015 ,SGBD,238.86,955.44
201601020030 ,SGBD,237.96,951.84
201601020045 ,SGBD,230.04,920.16
201601020100 ,SGBD,232.56,930.24
201601020115 ,SGBD,233.82,935.28
201601020130 ,SGBD,230.94,923.76
201601020145 ,SGBD,230.76,923.04
201601020200 ,SGBD,231.84,927.36
201601020215 ,SGBD,230.04,920.16
201601020230 ,SGBD,231.3,925.2
201601020245 ,SGBD,233.28,933.12
201601020300 ,SGBD,229.86,919.44
201601020315 ,SGBD,231.66,926.64
201601020330 ,SGBD,232.02,928.08
201601020345 ,SGBD,229.14,916.56
201601020400 ,SGBD,232.02,928.08
201601020415 ,SGBD,232.74,930.96
201601020430 ,SGBD,232.2,928.8
201601020445 ,SGBD,232.56,930.24
201601020500 ,SGBD,236.88,947.52
201601020515 ,SGBD,232.02,928.08
201601020530 ,SGBD,233.46,933.84
201601020545 ,SGBD,236.34,945.36
201601020600 ,SGBD,238.14,952.56
201601020615 ,SGBD,237.78,951.12
201601020630 ,SGBD,239.94,959.76
201601020645 ,SGBD,238.14,952.56
201601020700 ,SGBD,238.14,952.56
201601020715 ,SGBD,242.46,969.84
201601020730 ,SGBD,239.76,959.04
201601020745 ,SGBD,235.44,941.76
201601020800 ,SGBD,235.62,942.48
201601020815 ,SGBD,237.96,951.84
201601020830 ,SGBD,235.26,941.04
201601020845 ,SGBD,237.96,951.84
201601020900 ,SGBD,239.76,959.04
201601020915 ,SGBD,237.78,951.12
201601020930 ,SGBD,239.4,957.6
201601020945 ,SGBD,243.72,974.88
201601021000 ,SGBD,241.74,966.96
201601021015 ,SGBD,241.92,967.68
201601021030 ,SGBD,244.8,979.2
201601021045 ,SGBD,241.56,966.24
201601021100 ,SGBD,243.9,975.6
201601021115 ,SGBD,245.52,982.08
201601021130 ,SGBD,243,972
201601021145 ,SGBD,241.38,965.52
201601021200 ,SGBD,243.72,974.88
201601021215 ,SGBD,242.1,968.4
201601021230 ,SGBD,243.72,974.88
201601021245 ,SGBD,245.52,982.08
201601021300 ,SGBD,243.54,974.16
201601021315 ,SGBD,247.14,988.56
201601021330 ,SGBD,244.98,979.92
201601021345 ,SGBD,242.1,968.4
201601021400 ,SGBD,245.88,983.52
201601021415 ,SGBD,244.08,976.32
201601021430 ,SGBD,244.98,979.92
201601021445 ,SGBD,243.18,972.72
201601021500 ,SGBD,245.16,980.64
201601021515 ,SGBD,240.12,960.48
201601021530 ,SGBD,241.38,965.52
201601021545 ,SGBD,242.28,969.12
201601021600 ,SGBD,243.18,972.72
201601021615 ,SGBD,247.68,990.72
201601021630 ,SGBD,247.14,988.56
201601021645 ,SGBD,239.04,956.16
201601021700 ,SGBD,241.74,966.96
201601021715 ,SGBD,245.7,982.8
201601021730 ,SGBD,248.04,992.16
201601021745 ,SGBD,253.26,1013.04
201601021800 ,SGBD,254.16,1016.64
201601021815 ,SGBD,247.68,990.72
201601021830 ,SGBD,247.68,990.72
201601021845 ,SGBD,243.36,973.44
201601021900 ,SGBD,239.76,959.04
201601021915 ,SGBD,241.74,966.96
201601021930 ,SGBD,241.74,966.96
201601021945 ,SGBD,239.4,957.6
201601022000 ,SGBD,244.26,977.04
201601022015 ,SGBD,241.92,967.68
201601022030 ,SGBD,243.54,974.16
201601022045 ,SGBD,238.14,952.56
201601022100 ,SGBD,237.06,948.24
201601022115 ,SGBD,236.88,947.52
201601022130 ,SGBD,236.34,945.36
201601022145 ,SGBD,232.92,931.68
201601022200 ,SGBD,233.64,934.56
201601022215 ,SGBD,234.18,936.72
201601022230 ,SGBD,229.86,919.44
201601022245 ,SGBD,234.72,938.88
201601022300 ,SGBD,233.1,932.4
201601022315 ,SGBD,230.76,923.04
201601022330 ,SGBD,233.46,933.84
201601022345 ,SGBD,233.64,934.56
201601030000 ,SGBD,232.2,928.8
201601030015 ,SGBD,232.92,931.68
201601030030 ,SGBD,232.2,928.8
201601030045 ,SGBD,230.58,922.32
201601030100 ,SGBD,231.66,926.64
201601030115 ,SGBD,229.32,917.28
201601030130 ,SGBD,227.52,910.08
201601030145 ,SGBD,229.68,918.72
201601030200 ,SGBD,228.06,912.24
201601030215 ,SGBD,226.62,906.48
201601030230 ,SGBD,229.32,917.28
201601030245 ,SGBD,226.98,907.92
201601030300 ,SGBD,226.26,905.04
201601030315 ,SGBD,227.88,911.52
201601030330 ,SGBD,226.8,907.2
201601030345 ,SGBD,225.9,903.6
201601030400 ,SGBD,233.1,932.4
201601030415 ,SGBD,229.86,919.44
201601030430 ,SGBD,229.68,918.72
201601030445 ,SGBD,228.42,913.68
201601030500 ,SGBD,232.74,930.96
201601030515 ,SGBD,230.58,922.32
201601030530 ,SGBD,231.66,926.64
201601030545 ,SGBD,233.28,933.12
201601030600 ,SGBD,235.8,943.2
201601030615 ,SGBD,235.44,941.76
201601030630 ,SGBD,239.04,956.16
201601030645 ,SGBD,237.78,951.12
201601030700 ,SGBD,239.04,956.16
201601030715 ,SGBD,238.86,955.44
201601030730 ,SGBD,235.98,943.92
201601030745 ,SGBD,237.24,948.96
201601030800 ,SGBD,233.28,933.12
201601030815 ,SGBD,230.94,923.76
201601030830 ,SGBD,230.22,920.88
201601030845 ,SGBD,234,936
201601030900 ,SGBD,232.02,928.08
201601030915 ,SGBD,232.2,928.8
201601030930 ,SGBD,235.44,941.76
201601030945 ,SGBD,232.38,929.52
201601031000 ,SGBD,239.76,959.04
201601031015 ,SGBD,242.1,968.4
201601031030 ,SGBD,239.94,959.76
201601031045 ,SGBD,241.56,966.24
201601031100 ,SGBD,242.82,971.28
201601031115 ,SGBD,236.16,944.64
201601031130 ,SGBD,235.62,942.48
201601031145 ,SGBD,237.6,950.4
201601031200 ,SGBD,234.36,937.44
201601031215 ,SGBD,238.14,952.56
201601031230 ,SGBD,237.24,948.96
201601031245 ,SGBD,234.36,937.44
201601031300 ,SGBD,238.68,954.72
201601031315 ,SGBD,238.68,954.72
201601031330 ,SGBD,234.18,936.72
201601031345 ,SGBD,245.16,980.64
201601031400 ,SGBD,243.54,974.16
201601031415 ,SGBD,245.7,982.8
201601031430 ,SGBD,244.44,977.76
201601031445 ,SGBD,239.58,958.32
201601031500 ,SGBD,241.56,966.24
201601031515 ,SGBD,243.18,972.72
201601031530 ,SGBD,242.28,969.12
201601031545 ,SGBD,237.78,951.12
201601031600 ,SGBD,241.38,965.52
201601031615 ,SGBD,240.66,962.64
201601031630 ,SGBD,235.8,943.2
201601031645 ,SGBD,237.24,948.96
201601031700 ,SGBD,239.22,956.88
201601031715 ,SGBD,237.78,951.12
201601031730 ,SGBD,243.18,972.72
201601031745 ,SGBD,243,972
201601031800 ,SGBD,240.66,962.64
201601031815 ,SGBD,243.18,972.72
201601031830 ,SGBD,243.9,975.6
201601031845 ,SGBD,239.94,959.76
201601031900 ,SGBD,244.8,979.2
201601031915 ,SGBD,243,972
201601031930 ,SGBD,243.18,972.72
201601031945 ,SGBD,245.52,982.08
201601032000 ,SGBD,242.46,969.84
201601032015 ,SGBD,243.36,973.44
201601032030 ,SGBD,242.1,968.4
201601032045 ,SGBD,239.22,956.88
201601032100 ,SGBD,242.82,971.28
201601032115 ,SGBD,239.94,959.76
201601032130 ,SGBD,234.9,939.6
201601032145 ,SGBD,235.8,943.2
201601032200 ,SGBD,235.62,942.48
201601032215 ,SGBD,232.02,928.08
201601032230 ,SGBD,233.46,933.84
201601032245 ,SGBD,235.8,943.2
201601032300 ,SGBD,230.94,923.76
201601032315 ,SGBD,233.28,933.12
201601032330 ,SGBD,234.9,939.6
201601032345 ,SGBD,233.46,933.84
201601040000 ,SGBD,235.08,940.32
201601040015 ,SGBD,235.44,941.76
201601040030 ,SGBD,234,936
201601040045 ,SGBD,235.98,943.92
201601040100 ,SGBD,233.82,935.28
201601040115 ,SGBD,231.66,926.64
201601040130 ,SGBD,232.92,931.68
201601040145 ,SGBD,231.12,924.48
201601040200 ,SGBD,228.96,915.84
201601040215 ,SGBD,232.74,930.96
201601040230 ,SGBD,231.48,925.92
201601040245 ,SGBD,231.3,925.2
201601040300 ,SGBD,231.66,926.64
201601040315 ,SGBD,229.14,916.56
201601040330 ,SGBD,229.68,918.72
201601040345 ,SGBD,232.2,928.8
201601040400 ,SGBD,233.46,933.84
201601040415 ,SGBD,240.66,962.64
201601040430 ,SGBD,243.54,974.16
201601040445 ,SGBD,241.38,965.52
201601040500 ,SGBD,241.56,966.24
201601040515 ,SGBD,247.86,991.44
201601040530 ,SGBD,248.94,995.76
201601040545 ,SGBD,252.54,1010.16
201601040600 ,SGBD,260.28,1041.12
201601040615 ,SGBD,264.78,1059.12
201601040630 ,SGBD,276.3,1105.2
201601040645 ,SGBD,288,1152
201601040700 ,SGBD,297.18,1188.72
201601040715 ,SGBD,306.18,1224.72
201601040730 ,SGBD,316.98,1267.92
201601040745 ,SGBD,329.58,1318.32
201601040800 ,SGBD,326.16,1304.64
201601040815 ,SGBD,339.12,1356.48
201601040830 ,SGBD,337.5,1350
201601040845 ,SGBD,348.66,1394.64
201601040900 ,SGBD,357.66,1430.64
201601040915 ,SGBD,359.1,1436.4
201601040930 ,SGBD,364.5,1458
201601040945 ,SGBD,361.98,1447.92
201601041000 ,SGBD,368.1,1472.4
201601041015 ,SGBD,375.84,1503.36
201601041030 ,SGBD,372.06,1488.24
201601041045 ,SGBD,377.82,1511.28
201601041100 ,SGBD,377.64,1510.56
201601041115 ,SGBD,386.64,1546.56
201601041130 ,SGBD,382.14,1528.56
201601041145 ,SGBD,381.24,1524.96
201601041200 ,SGBD,358.74,1434.96
201601041215 ,SGBD,353.88,1415.52
201601041230 ,SGBD,360.36,1441.44
201601041245 ,SGBD,358.2,1432.8
201601041300 ,SGBD,376.74,1506.96
201601041315 ,SGBD,376.02,1504.08
201601041330 ,SGBD,384.66,1538.64
201601041345 ,SGBD,391.68,1566.72
201601041400 ,SGBD,394.56,1578.24
201601041415 ,SGBD,391.14,1564.56
201601041430 ,SGBD,400.14,1600.56
201601041445 ,SGBD,399.24,1596.96
201601041500 ,SGBD,392.4,1569.6
201601041515 ,SGBD,391.14,1564.56
201601041530 ,SGBD,387.72,1550.88
201601041545 ,SGBD,387.18,1548.72
201601041600 ,SGBD,387.36,1549.44
201601041615 ,SGBD,385.56,1542.24
201601041630 ,SGBD,378.36,1513.44
201601041645 ,SGBD,385.92,1543.68
201601041700 ,SGBD,391.14,1564.56
201601041715 ,SGBD,378.72,1514.88
201601041730 ,SGBD,384.66,1538.64
201601041745 ,SGBD,380.88,1523.52
201601041800 ,SGBD,370.8,1483.2
201601041815 ,SGBD,365.94,1463.76
201601041830 ,SGBD,371.34,1485.36
201601041845 ,SGBD,363.42,1453.68
201601041900 ,SGBD,361.98,1447.92
201601041915 ,SGBD,359.28,1437.12
201601041930 ,SGBD,344.7,1378.8
201601041945 ,SGBD,340.74,1362.96
201601042000 ,SGBD,336.6,1346.4
201601042015 ,SGBD,334.62,1338.48
201601042030 ,SGBD,335.16,1340.64
201601042045 ,SGBD,331.02,1324.08
201601042100 ,SGBD,314.82,1259.28
201601042115 ,SGBD,311.04,1244.16
201601042130 ,SGBD,309.78,1239.12
201601042145 ,SGBD,301.5,1206
201601042200 ,SGBD,300.42,1201.68
201601042215 ,SGBD,291.06,1164.24
201601042230 ,SGBD,284.94,1139.76
201601042245 ,SGBD,285.84,1143.36
201601042300 ,SGBD,285.12,1140.48
201601042315 ,SGBD,284.22,1136.88
201601042330 ,SGBD,282.78,1131.12
201601042345 ,SGBD,286.38,1145.52
201601050000 ,SGBD,288.18,1152.72
201601050015 ,SGBD,291.96,1167.84
201601050030 ,SGBD,291.78,1167.12
201601050045 ,SGBD,284.22,1136.88
201601050100 ,SGBD,280.62,1122.48
201601050115 ,SGBD,281.52,1126.08
201601050130 ,SGBD,281.34,1125.36
201601050145 ,SGBD,279.9,1119.6
201601050200 ,SGBD,278.46,1113.84
201601050215 ,SGBD,276.3,1105.2
201601050230 ,SGBD,279.72,1118.88
201601050245 ,SGBD,280.44,1121.76
201601050300 ,SGBD,277.02,1108.08
201601050315 ,SGBD,278.46,1113.84
201601050330 ,SGBD,281.52,1126.08
201601050345 ,SGBD,277.56,1110.24
201601050400 ,SGBD,280.08,1120.32
201601050415 ,SGBD,278.64,1114.56
201601050430 ,SGBD,277.74,1110.96
201601050445 ,SGBD,278.46,1113.84
201601050500 ,SGBD,283.14,1132.56
201601050515 ,SGBD,279.9,1119.6
201601050530 ,SGBD,285.3,1141.2
201601050545 ,SGBD,285.84,1143.36
201601050600 ,SGBD,289.8,1159.2
201601050615 ,SGBD,297.72,1190.88
201601050630 ,SGBD,303.48,1213.92
201601050645 ,SGBD,312.12,1248.48
201601050700 ,SGBD,316.8,1267.2
201601050715 ,SGBD,319.32,1277.28
201601050730 ,SGBD,337.32,1349.28
201601050745 ,SGBD,348.12,1392.48
201601050800 ,SGBD,346.68,1386.72
201601050815 ,SGBD,354.78,1419.12
201601050830 ,SGBD,366.48,1465.92
201601050845 ,SGBD,374.4,1497.6
201601050900 ,SGBD,391.32,1565.28
201601050915 ,SGBD,401.22,1604.88
201601050930 ,SGBD,401.58,1606.32
201601050945 ,SGBD,408.6,1634.4
201601051000 ,SGBD,410.58,1642.32
201601051015 ,SGBD,412.56,1650.24
201601051030 ,SGBD,417.78,1671.12
201601051045 ,SGBD,414.9,1659.6
201601051100 ,SGBD,415.62,1662.48
201601051115 ,SGBD,420.66,1682.64
201601051130 ,SGBD,416.52,1666.08
201601051145 ,SGBD,419.4,1677.6
201601051200 ,SGBD,405.9,1623.6
201601051215 ,SGBD,400.68,1602.72
201601051230 ,SGBD,399.24,1596.96
201601051245 ,SGBD,395.64,1582.56
201601051300 ,SGBD,397.44,1589.76
201601051315 ,SGBD,410.04,1640.16
201601051330 ,SGBD,403.74,1614.96
201601051345 ,SGBD,401.4,1605.6
201601051400 ,SGBD,402.12,1608.48
201601051415 ,SGBD,396.9,1587.6
201601051430 ,SGBD,397.26,1589.04
201601051445 ,SGBD,389.7,1558.8
201601051500 ,SGBD,396.18,1584.72
201601051515 ,SGBD,394.74,1578.96
201601051530 ,SGBD,395.28,1581.12
201601051545 ,SGBD,401.4,1605.6
201601051600 ,SGBD,394.56,1578.24
201601051615 ,SGBD,396.36,1585.44
201601051630 ,SGBD,392.04,1568.16
201601051645 ,SGBD,390.78,1563.12
201601051700 ,SGBD,393.3,1573.2
201601051715 ,SGBD,395.82,1583.28
201601051730 ,SGBD,389.7,1558.8
201601051745 ,SGBD,391.5,1566
201601051800 ,SGBD,393.12,1572.48
201601051815 ,SGBD,384.84,1539.36
201601051830 ,SGBD,386.46,1545.84
201601051845 ,SGBD,378.18,1512.72
201601051900 ,SGBD,358.02,1432.08
201601051915 ,SGBD,356.58,1426.32
201601051930 ,SGBD,349.74,1398.96
201601051945 ,SGBD,347.58,1390.32
201601052000 ,SGBD,346.5,1386
201601052015 ,SGBD,339.48,1357.92
201601052030 ,SGBD,334.8,1339.2
201601052045 ,SGBD,333.72,1334.88
201601052100 ,SGBD,317.52,1270.08
201601052115 ,SGBD,322.56,1290.24
201601052130 ,SGBD,316.8,1267.2
201601052145 ,SGBD,308.88,1235.52
201601052200 ,SGBD,305.46,1221.84
201601052215 ,SGBD,302.76,1211.04
201601052230 ,SGBD,300.24,1200.96
201601052245 ,SGBD,295.56,1182.24
201601052300 ,SGBD,292.5,1170
201601052315 ,SGBD,291.78,1167.12
201601052330 ,SGBD,290.7,1162.8
201601052345 ,SGBD,287.64,1150.56
201601060000 ,SGBD,289.62,1158.48
201601060015 ,SGBD,292.14,1168.56
201601060030 ,SGBD,289.62,1158.48
201601060045 ,SGBD,289.62,1158.48
201601060100 ,SGBD,287.28,1149.12
201601060115 ,SGBD,286.38,1145.52
201601060130 ,SGBD,278.82,1115.28
201601060145 ,SGBD,276.84,1107.36
201601060200 ,SGBD,277.02,1108.08
201601060215 ,SGBD,275.22,1100.88
201601060230 ,SGBD,276.66,1106.64
201601060245 ,SGBD,277.02,1108.08
201601060300 ,SGBD,274.68,1098.72
201601060315 ,SGBD,274.86,1099.44
201601060330 ,SGBD,275.94,1103.76
201601060345 ,SGBD,277.92,1111.68
201601060400 ,SGBD,277.56,1110.24
201601060415 ,SGBD,277.56,1110.24
201601060430 ,SGBD,278.46,1113.84
201601060445 ,SGBD,276.84,1107.36
201601060500 ,SGBD,275.58,1102.32
201601060515 ,SGBD,279,1116
201601060530 ,SGBD,283.68,1134.72
201601060545 ,SGBD,281.7,1126.8
201601060600 ,SGBD,291.42,1165.68
201601060615 ,SGBD,305.46,1221.84
201601060630 ,SGBD,316.44,1265.76
201601060645 ,SGBD,327.78,1311.12
201601060700 ,SGBD,333.54,1334.16
201601060715 ,SGBD,343.08,1372.32
201601060730 ,SGBD,353.52,1414.08
201601060745 ,SGBD,355.5,1422
201601060800 ,SGBD,362.34,1449.36
201601060815 ,SGBD,370.8,1483.2
201601060830 ,SGBD,378.9,1515.6
201601060845 ,SGBD,389.52,1558.08
201601060900 ,SGBD,398.52,1594.08
201601060915 ,SGBD,401.58,1606.32
201601060930 ,SGBD,405.9,1623.6
201601060945 ,SGBD,409.14,1636.56
201601061000 ,SGBD,410.58,1642.32
201601061015 ,SGBD,412.2,1648.8
201601061030 ,SGBD,414.72,1658.88
201601061045 ,SGBD,418.5,1674
201601061100 ,SGBD,408.78,1635.12
201601061115 ,SGBD,410.94,1643.76
201601061130 ,SGBD,408.78,1635.12
201601061145 ,SGBD,413.64,1654.56
201601061200 ,SGBD,390.96,1563.84
201601061215 ,SGBD,387.18,1548.72
201601061230 ,SGBD,390.96,1563.84
201601061245 ,SGBD,390.42,1561.68
201601061300 ,SGBD,397.98,1591.92
201601061315 ,SGBD,410.4,1641.6
201601061330 ,SGBD,398.88,1595.52
201601061345 ,SGBD,395.82,1583.28
201601061400 ,SGBD,396.36,1585.44
201601061415 ,SGBD,394.02,1576.08
201601061430 ,SGBD,393.3,1573.2
201601061445 ,SGBD,394.74,1578.96
201601061500 ,SGBD,393.84,1575.36
201601061515 ,SGBD,399.6,1598.4
201601061530 ,SGBD,402.84,1611.36
201601061545 ,SGBD,396.9,1587.6
201601061600 ,SGBD,394.74,1578.96
201601061615 ,SGBD,399.78,1599.12
201601061630 ,SGBD,393.3,1573.2
201601061645 ,SGBD,388.62,1554.48
201601061700 ,SGBD,393.3,1573.2
201601061715 ,SGBD,385.74,1542.96
201601061730 ,SGBD,386.1,1544.4
201601061745 ,SGBD,377.28,1509.12
201601061800 ,SGBD,375.84,1503.36
201601061815 ,SGBD,377.1,1508.4
201601061830 ,SGBD,366.3,1465.2
201601061845 ,SGBD,360.9,1443.6
201601061900 ,SGBD,354.42,1417.68
201601061915 ,SGBD,346.68,1386.72
201601061930 ,SGBD,340.74,1362.96
201601061945 ,SGBD,338.58,1354.32
201601062000 ,SGBD,333,1332
201601062015 ,SGBD,333,1332
201601062030 ,SGBD,333.36,1333.44
201601062045 ,SGBD,334.44,1337.76
201601062100 ,SGBD,314.46,1257.84
201601062115 ,SGBD,311.58,1246.32
201601062130 ,SGBD,300.42,1201.68
201601062145 ,SGBD,296.28,1185.12
201601062200 ,SGBD,288.72,1154.88
201601062215 ,SGBD,290.7,1162.8
201601062230 ,SGBD,284.04,1136.16
201601062245 ,SGBD,281.52,1126.08
201601062300 ,SGBD,282.6,1130.4
201601062315 ,SGBD,280.26,1121.04
201601062330 ,SGBD,278.28,1113.12
201601062345 ,SGBD,279.72,1118.88
201601070000 ,SGBD,280.26,1121.04
201601070015 ,SGBD,277.92,1111.68
201601070030 ,SGBD,279.9,1119.6
201601070045 ,SGBD,278.46,1113.84
201601070100 ,SGBD,281.52,1126.08
201601070115 ,SGBD,280.62,1122.48
201601070130 ,SGBD,279.36,1117.44
201601070145 ,SGBD,275.04,1100.16
201601070200 ,SGBD,268.02,1072.08
201601070215 ,SGBD,272.88,1091.52
201601070230 ,SGBD,268.74,1074.96
201601070245 ,SGBD,268.92,1075.68
201601070300 ,SGBD,270.36,1081.44
201601070315 ,SGBD,265.86,1063.44
201601070330 ,SGBD,267.12,1068.48
201601070345 ,SGBD,267.3,1069.2
201601070400 ,SGBD,266.94,1067.76
201601070415 ,SGBD,271.26,1085.04
201601070430 ,SGBD,269.1,1076.4
201601070445 ,SGBD,268.02,1072.08
201601070500 ,SGBD,269.64,1078.56
201601070515 ,SGBD,272.88,1091.52
201601070530 ,SGBD,273.06,1092.24
201601070545 ,SGBD,278.1,1112.4
201601070600 ,SGBD,287.64,1150.56
201601070615 ,SGBD,292.5,1170
201601070630 ,SGBD,302.22,1208.88
201601070645 ,SGBD,316.44,1265.76
201601070700 ,SGBD,325.26,1301.04
201601070715 ,SGBD,330.48,1321.92
201601070730 ,SGBD,340.2,1360.8
201601070745 ,SGBD,347.4,1389.6
201601070800 ,SGBD,350.1,1400.4
201601070815 ,SGBD,367.56,1470.24
201601070830 ,SGBD,374.76,1499.04
201601070845 ,SGBD,395.82,1583.28
201601070900 ,SGBD,394.02,1576.08
201601070915 ,SGBD,403.2,1612.8
201601070930 ,SGBD,402.3,1609.2
201601070945 ,SGBD,403.92,1615.68
201601071000 ,SGBD,404.1,1616.4
201601071015 ,SGBD,408.24,1632.96
201601071030 ,SGBD,409.14,1636.56
201601071045 ,SGBD,413.64,1654.56
201601071100 ,SGBD,413.28,1653.12
201601071115 ,SGBD,409.32,1637.28
201601071130 ,SGBD,409.86,1639.44
201601071145 ,SGBD,415.44,1661.76
201601071200 ,SGBD,395.64,1582.56
201601071215 ,SGBD,393.84,1575.36
201601071230 ,SGBD,396.18,1584.72
201601071245 ,SGBD,399.24,1596.96
201601071300 ,SGBD,408.06,1632.24
201601071315 ,SGBD,408.96,1635.84
201601071330 ,SGBD,407.7,1630.8
201601071345 ,SGBD,404.28,1617.12
201601071400 ,SGBD,406.44,1625.76
201601071415 ,SGBD,404.1,1616.4
201601071430 ,SGBD,403.2,1612.8
201601071445 ,SGBD,402.3,1609.2
201601071500 ,SGBD,398.88,1595.52
201601071515 ,SGBD,400.5,1602
201601071530 ,SGBD,397.26,1589.04
201601071545 ,SGBD,391.86,1567.44
201601071600 ,SGBD,393.66,1574.64
201601071615 ,SGBD,393.84,1575.36
201601071630 ,SGBD,394.38,1577.52
201601071645 ,SGBD,390.78,1563.12
201601071700 ,SGBD,389.16,1556.64
201601071715 ,SGBD,387.72,1550.88
201601071730 ,SGBD,390.96,1563.84
201601071745 ,SGBD,389.34,1557.36
201601071800 ,SGBD,383.04,1532.16
201601071815 ,SGBD,382.86,1531.44
201601071830 ,SGBD,370.08,1480.32
201601071845 ,SGBD,360.72,1442.88
201601071900 ,SGBD,359.82,1439.28
201601071915 ,SGBD,354.96,1419.84
201601071930 ,SGBD,345.06,1380.24
201601071945 ,SGBD,346.86,1387.44
201601072000 ,SGBD,344.34,1377.36
201601072015 ,SGBD,340.74,1362.96
201601072030 ,SGBD,333.54,1334.16
201601072045 ,SGBD,330.84,1323.36
201601072100 ,SGBD,313.56,1254.24
201601072115 ,SGBD,311.04,1244.16
201601072130 ,SGBD,310.5,1242
201601072145 ,SGBD,303.84,1215.36
201601072200 ,SGBD,305.64,1222.56
201601072215 ,SGBD,304.56,1218.24
201601072230 ,SGBD,299.16,1196.64
201601072245 ,SGBD,296.28,1185.12
201601072300 ,SGBD,291.24,1164.96
201601072315 ,SGBD,295.2,1180.8
201601072330 ,SGBD,298.44,1193.76
201601072345 ,SGBD,297.54,1190.16
201601080000 ,SGBD,296.1,1184.4
201601080015 ,SGBD,294.66,1178.64
201601080030 ,SGBD,291.42,1165.68
201601080045 ,SGBD,292.86,1171.44
201601080100 ,SGBD,290.16,1160.64
201601080115 ,SGBD,286.02,1144.08
201601080130 ,SGBD,284.4,1137.6
201601080145 ,SGBD,284.76,1139.04
201601080200 ,SGBD,287.28,1149.12
201601080215 ,SGBD,286.74,1146.96
201601080230 ,SGBD,285.3,1141.2
201601080245 ,SGBD,282.42,1129.68
201601080300 ,SGBD,283.5,1134
201601080315 ,SGBD,285.3,1141.2
201601080330 ,SGBD,284.94,1139.76
201601080345 ,SGBD,284.58,1138.32
201601080400 ,SGBD,282.78,1131.12
201601080415 ,SGBD,286.02,1144.08
201601080430 ,SGBD,285.12,1140.48
201601080445 ,SGBD,286.56,1146.24
201601080500 ,SGBD,283.5,1134
201601080515 ,SGBD,286.56,1146.24
201601080530 ,SGBD,287.28,1149.12
201601080545 ,SGBD,289.08,1156.32
201601080600 ,SGBD,298.98,1195.92
201601080615 ,SGBD,300.42,1201.68
201601080630 ,SGBD,311.76,1247.04
201601080645 ,SGBD,318.78,1275.12
201601080700 ,SGBD,328.14,1312.56
201601080715 ,SGBD,334.08,1336.32
201601080730 ,SGBD,352.98,1411.92
201601080745 ,SGBD,367.02,1468.08
201601080800 ,SGBD,372.6,1490.4
201601080815 ,SGBD,379.8,1519.2
201601080830 ,SGBD,385.2,1540.8
201601080845 ,SGBD,391.86,1567.44
201601080900 ,SGBD,402.84,1611.36
201601080915 ,SGBD,411.84,1647.36
201601080930 ,SGBD,415.08,1660.32
201601080945 ,SGBD,413.28,1653.12
201601081000 ,SGBD,419.76,1679.04
201601081015 ,SGBD,423.18,1692.72
201601081030 ,SGBD,424.8,1699.2
201601081045 ,SGBD,429.66,1718.64
201601081100 ,SGBD,427.5,1710
201601081115 ,SGBD,430.02,1720.08
201601081130 ,SGBD,431.28,1725.12
201601081145 ,SGBD,429.66,1718.64
201601081200 ,SGBD,408.96,1635.84
201601081215 ,SGBD,405,1620
201601081230 ,SGBD,404.1,1616.4
201601081245 ,SGBD,404.1,1616.4
201601081300 ,SGBD,418.14,1672.56
201601081315 ,SGBD,423,1692
201601081330 ,SGBD,417.78,1671.12
201601081345 ,SGBD,409.32,1637.28
201601081400 ,SGBD,409.14,1636.56
201601081415 ,SGBD,407.7,1630.8
201601081430 ,SGBD,412.38,1649.52
201601081445 ,SGBD,412.2,1648.8
201601081500 ,SGBD,407.34,1629.36
201601081515 ,SGBD,402.84,1611.36
201601081530 ,SGBD,403.92,1615.68
201601081545 ,SGBD,406.62,1626.48
201601081600 ,SGBD,405.54,1622.16
201601081615 ,SGBD,400.5,1602
201601081630 ,SGBD,402.12,1608.48
201601081645 ,SGBD,395.64,1582.56
201601081700 ,SGBD,391.5,1566
201601081715 ,SGBD,385.02,1540.08
201601081730 ,SGBD,387.9,1551.6
201601081745 ,SGBD,387,1548
201601081800 ,SGBD,382.68,1530.72
201601081815 ,SGBD,373.86,1495.44
201601081830 ,SGBD,369.9,1479.6
201601081845 ,SGBD,361.98,1447.92
201601081900 ,SGBD,361.08,1444.32
201601081915 ,SGBD,355.68,1422.72
201601081930 ,SGBD,351.54,1406.16
201601081945 ,SGBD,345.96,1383.84
201601082000 ,SGBD,337.14,1348.56
201601082015 ,SGBD,325.62,1302.48
201601082030 ,SGBD,325.44,1301.76
201601082045 ,SGBD,321.12,1284.48
201601082100 ,SGBD,302.4,1209.6
201601082115 ,SGBD,303.66,1214.64
201601082130 ,SGBD,296.28,1185.12
201601082145 ,SGBD,296.64,1186.56
201601082200 ,SGBD,294.66,1178.64
201601082215 ,SGBD,295.38,1181.52
201601082230 ,SGBD,291.06,1164.24
201601082245 ,SGBD,288.36,1153.44
201601082300 ,SGBD,286.2,1144.8
201601082315 ,SGBD,287.82,1151.28
201601082330 ,SGBD,286.38,1145.52
201601082345 ,SGBD,285.12,1140.48
201601090000 ,SGBD,280.98,1123.92
201601090015 ,SGBD,281.34,1125.36
201601090030 ,SGBD,281.34,1125.36
201601090045 ,SGBD,279.54,1118.16
201601090100 ,SGBD,277.02,1108.08
201601090115 ,SGBD,278.82,1115.28
201601090130 ,SGBD,276.12,1104.48
201601090145 ,SGBD,271.98,1087.92
201601090200 ,SGBD,274.14,1096.56
201601090215 ,SGBD,274.86,1099.44
201601090230 ,SGBD,275.76,1103.04
201601090245 ,SGBD,270.9,1083.6
201601090300 ,SGBD,275.22,1100.88
201601090315 ,SGBD,274.5,1098
201601090330 ,SGBD,274.5,1098
201601090345 ,SGBD,273.24,1092.96
201601090400 ,SGBD,275.22,1100.88
201601090415 ,SGBD,275.58,1102.32
201601090430 ,SGBD,274.5,1098
201601090445 ,SGBD,275.22,1100.88
201601090500 ,SGBD,275.04,1100.16
201601090515 ,SGBD,275.58,1102.32
201601090530 ,SGBD,278.28,1113.12
201601090545 ,SGBD,279,1116
201601090600 ,SGBD,283.14,1132.56
201601090615 ,SGBD,280.8,1123.2
201601090630 ,SGBD,284.04,1136.16
201601090645 ,SGBD,284.76,1139.04
201601090700 ,SGBD,283.5,1134
201601090715 ,SGBD,291.42,1165.68
201601090730 ,SGBD,291.6,1166.4
201601090745 ,SGBD,288.72,1154.88
201601090800 ,SGBD,286.92,1147.68
201601090815 ,SGBD,288.18,1152.72
201601090830 ,SGBD,289.26,1157.04
201601090845 ,SGBD,293.22,1172.88
201601090900 ,SGBD,295.92,1183.68
201601090915 ,SGBD,298.26,1193.04
201601090930 ,SGBD,304.02,1216.08
201601090945 ,SGBD,307.8,1231.2
201601091000 ,SGBD,315.54,1262.16
201601091015 ,SGBD,311.04,1244.16
201601091030 ,SGBD,315,1260
201601091045 ,SGBD,314.1,1256.4
201601091100 ,SGBD,315.72,1262.88
201601091115 ,SGBD,320.4,1281.6
201601091130 ,SGBD,326.34,1305.36
201601091145 ,SGBD,329.04,1316.16
201601091200 ,SGBD,321.48,1285.92
201601091215 ,SGBD,317.7,1270.8
201601091230 ,SGBD,322.2,1288.8
201601091245 ,SGBD,318.6,1274.4
201601091300 ,SGBD,319.32,1277.28
201601091315 ,SGBD,315.54,1262.16
201601091330 ,SGBD,317.7,1270.8
201601091345 ,SGBD,318.6,1274.4
201601091400 ,SGBD,316.08,1264.32
201601091415 ,SGBD,311.76,1247.04
201601091430 ,SGBD,307.44,1229.76
201601091445 ,SGBD,308.52,1234.08
201601091500 ,SGBD,311.22,1244.88
201601091515 ,SGBD,311.04,1244.16
201601091530 ,SGBD,309.6,1238.4
201601091545 ,SGBD,311.76,1247.04
201601091600 ,SGBD,311.4,1245.6
201601091615 ,SGBD,310.86,1243.44
201601091630 ,SGBD,306.36,1225.44
201601091645 ,SGBD,300.06,1200.24
201601091700 ,SGBD,303.12,1212.48
201601091715 ,SGBD,302.58,1210.32
201601091730 ,SGBD,304.74,1218.96
201601091745 ,SGBD,304.56,1218.24
201601091800 ,SGBD,302.22,1208.88
201601091815 ,SGBD,302.94,1211.76
201601091830 ,SGBD,300.06,1200.24
201601091845 ,SGBD,301.5,1206
201601091900 ,SGBD,298.26,1193.04
201601091915 ,SGBD,300.78,1203.12
201601091930 ,SGBD,298.26,1193.04
201601091945 ,SGBD,294.84,1179.36
201601092000 ,SGBD,296.82,1187.28
201601092015 ,SGBD,293.76,1175.04
201601092030 ,SGBD,290.52,1162.08
201601092045 ,SGBD,288.36,1153.44
201601092100 ,SGBD,288.18,1152.72
201601092115 ,SGBD,282.96,1131.84
201601092130 ,SGBD,279.18,1116.72
201601092145 ,SGBD,281.34,1125.36
201601092200 ,SGBD,280.8,1123.2
201601092215 ,SGBD,280.62,1122.48
201601092230 ,SGBD,279.36,1117.44
201601092245 ,SGBD,279.9,1119.6
201601092300 ,SGBD,279.18,1116.72
201601092315 ,SGBD,277.92,1111.68
201601092330 ,SGBD,278.1,1112.4
201601092345 ,SGBD,278.64,1114.56
201601100000 ,SGBD,279.18,1116.72
201601100015 ,SGBD,273.42,1093.68
201601100030 ,SGBD,276.3,1105.2
201601100045 ,SGBD,276.3,1105.2
201601100100 ,SGBD,273.42,1093.68
201601100115 ,SGBD,271.26,1085.04
201601100130 ,SGBD,270.72,1082.88
201601100145 ,SGBD,271.26,1085.04
201601100200 ,SGBD,266.04,1064.16
201601100215 ,SGBD,269.46,1077.84
201601100230 ,SGBD,269.28,1077.12
201601100245 ,SGBD,269.1,1076.4
201601100300 ,SGBD,268.02,1072.08
201601100315 ,SGBD,269.64,1078.56
201601100330 ,SGBD,269.1,1076.4
201601100345 ,SGBD,268.2,1072.8
201601100400 ,SGBD,270.36,1081.44
201601100415 ,SGBD,270,1080
201601100430 ,SGBD,267.48,1069.92
201601100445 ,SGBD,272.34,1089.36
201601100500 ,SGBD,273.06,1092.24
201601100515 ,SGBD,271.26,1085.04
201601100530 ,SGBD,277.2,1108.8
201601100545 ,SGBD,280.26,1121.04
201601100600 ,SGBD,277.38,1109.52
201601100615 ,SGBD,279.18,1116.72
201601100630 ,SGBD,280.98,1123.92
201601100645 ,SGBD,282.06,1128.24
201601100700 ,SGBD,280.8,1123.2
201601100715 ,SGBD,280.8,1123.2
201601100730 ,SGBD,281.88,1127.52
201601100745 ,SGBD,279.72,1118.88
201601100800 ,SGBD,277.2,1108.8
201601100815 ,SGBD,276.66,1106.64
201601100830 ,SGBD,277.2,1108.8
201601100845 ,SGBD,275.76,1103.04
201601100900 ,SGBD,280.26,1121.04
201601100915 ,SGBD,279.18,1116.72
201601100930 ,SGBD,281.16,1124.64
201601100945 ,SGBD,278.28,1113.12
201601101000 ,SGBD,280.44,1121.76
201601101015 ,SGBD,282.96,1131.84
201601101030 ,SGBD,282.6,1130.4
201601101045 ,SGBD,279.9,1119.6
201601101100 ,SGBD,285.3,1141.2
201601101115 ,SGBD,284.58,1138.32
201601101130 ,SGBD,284.58,1138.32
201601101145 ,SGBD,284.58,1138.32
201601101200 ,SGBD,287.1,1148.4
201601101215 ,SGBD,286.56,1146.24
201601101230 ,SGBD,285.12,1140.48
201601101245 ,SGBD,285.12,1140.48
201601101300 ,SGBD,282.6,1130.4
201601101315 ,SGBD,284.76,1139.04
201601101330 ,SGBD,285.84,1143.36
201601101345 ,SGBD,286.02,1144.08
201601101400 ,SGBD,285.84,1143.36
201601101415 ,SGBD,286.02,1144.08
201601101430 ,SGBD,288.72,1154.88
201601101445 ,SGBD,287.64,1150.56
201601101500 ,SGBD,287.28,1149.12
201601101515 ,SGBD,286.56,1146.24
201601101530 ,SGBD,286.38,1145.52
201601101545 ,SGBD,284.76,1139.04
201601101600 ,SGBD,283.5,1134
201601101615 ,SGBD,283.14,1132.56
201601101630 ,SGBD,280.98,1123.92
201601101645 ,SGBD,280.98,1123.92
201601101700 ,SGBD,283.14,1132.56
201601101715 ,SGBD,283.68,1134.72
201601101730 ,SGBD,288.72,1154.88
201601101745 ,SGBD,286.38,1145.52
201601101800 ,SGBD,287.46,1149.84
201601101815 ,SGBD,287.82,1151.28
201601101830 ,SGBD,289.62,1158.48
201601101845 ,SGBD,285.66,1142.64
201601101900 ,SGBD,288.18,1152.72
201601101915 ,SGBD,283.68,1134.72
201601101930 ,SGBD,285.66,1142.64
201601101945 ,SGBD,283.14,1132.56
201601102000 ,SGBD,282.6,1130.4
201601102015 ,SGBD,281.34,1125.36
201601102030 ,SGBD,279.9,1119.6
201601102045 ,SGBD,278.28,1113.12
201601102100 ,SGBD,280.62,1122.48
201601102115 ,SGBD,278.46,1113.84
201601102130 ,SGBD,277.74,1110.96
201601102145 ,SGBD,279.72,1118.88
201601102200 ,SGBD,280.62,1122.48
201601102215 ,SGBD,277.02,1108.08
201601102230 ,SGBD,276.66,1106.64
201601102245 ,SGBD,280.62,1122.48
201601102300 ,SGBD,285.48,1141.92
201601102315 ,SGBD,281.88,1127.52
201601102330 ,SGBD,281.88,1127.52
201601102345 ,SGBD,285.3,1141.2
201601110000 ,SGBD,285.66,1142.64
201601110015 ,SGBD,281.88,1127.52
201601110030 ,SGBD,282.96,1131.84
201601110045 ,SGBD,284.58,1138.32
201601110100 ,SGBD,279.9,1119.6
201601110115 ,SGBD,275.4,1101.6
201601110130 ,SGBD,274.86,1099.44
201601110145 ,SGBD,275.58,1102.32
201601110200 ,SGBD,277.56,1110.24
201601110215 ,SGBD,274.32,1097.28
201601110230 ,SGBD,274.5,1098
201601110245 ,SGBD,277.38,1109.52
201601110300 ,SGBD,274.86,1099.44
201601110315 ,SGBD,274.14,1096.56
201601110330 ,SGBD,275.76,1103.04
201601110345 ,SGBD,273.78,1095.12
201601110400 ,SGBD,274.32,1097.28
201601110415 ,SGBD,279,1116
201601110430 ,SGBD,277.2,1108.8
201601110445 ,SGBD,277.2,1108.8
201601110500 ,SGBD,279.18,1116.72
201601110515 ,SGBD,277.74,1110.96
201601110530 ,SGBD,287.82,1151.28
201601110545 ,SGBD,292.68,1170.72
201601110600 ,SGBD,301.14,1204.56
201601110615 ,SGBD,306.54,1226.16
201601110630 ,SGBD,311.94,1247.76
201601110645 ,SGBD,320.76,1283.04
201601110700 ,SGBD,335.88,1343.52
201601110715 ,SGBD,345.24,1380.96
201601110730 ,SGBD,357.48,1429.92
201601110745 ,SGBD,368.1,1472.4
201601110800 ,SGBD,388.8,1555.2
201601110815 ,SGBD,397.44,1589.76
201601110830 ,SGBD,400.86,1603.44
201601110845 ,SGBD,403.92,1615.68
201601110900 ,SGBD,412.38,1649.52
201601110915 ,SGBD,418.32,1673.28
201601110930 ,SGBD,423.54,1694.16
201601110945 ,SGBD,425.88,1703.52
